0,1573440946-9689,三井住友海上プライマリー生命 令和元年度版,円建終身移行特約付通貨選択利率更改型終身保険／死亡保障充実特約付通貨選択利率更改型終身保険（定期支払特約付）,しあわせ、ずっと２ 令和元年度版
1,1573441713-10027,住友生命 令和元年度版,5年ごと利差配当付指定通貨建終身保険（一時払い）,ふるはーとＪロードグローバル／笑顔の約束 令和元年度版
2,1573441506-9935,第一フロンティア生命 令和元年度版,定期支払金付積立利率変動型終身保険,プレミアレシーブＭ（円建） 令和元年度版
3,1573441844-10086,アフラック生命 令和元年度版,終身保険（無選択型）,アフラックの終身保険どなたでも 令和元年度版
4,1573441211-9805,プルデンシャル生命 令和元年度版,終身介護保険,終身介護保険 令和元年度版
5,1573441462-9914,ネオファースト生命 令和元年度版,無解約返戻金型７大生活習慣病入院一時給付保険,カラダ革命 令和元年度版
6,1573441641-9994,ソニー生命 令和元年度版,生前給付逓減定期保険（生活保障型／無配当）,生前給付逓減定期保険（生活保障型／無配当） 令和元年度版
7,1573441811-10071,オリックス生命 令和元年度版,無配当 終身保険(低解約払戻金型),終身保険 RISE（ライズ） 令和元年度版
8,1573441813-10072,アフラック生命 令和元年度版,家族生活保障保険〔無解約払戻金型〕,家族に毎月届く生命保険ＧＩＦＴ 令和元年度版
9,1573441692-10018,住友生命 令和元年度版,5年ごと利差配当付こども保険,スミセイのこどもすくすく保険 令和元年度版
10,1573441141-9775,大樹生命 令和元年度版,無配当外貨建個人年金保険(積立利率更改型),ドリームフライト 令和元年度版
11,1573441857-10092,朝日生命 令和元年度版,5年ごと利差配当付介護一時金保険（返戻金なし型）（2012）,介護一時金保険（返戻金なし型）（２０１２） 令和元年度版
12,1573440921-9677,三井住友海上プライマリー生命 令和元年度版,目標設定特則付一般勘定移行型変額終身保険,かがやき、つづく２ 令和元年度版
13,1573441880-10102,朝日生命 令和元年度版,5年ごと利差配当付特定生活障害年金保険（10年確定年金）,特定生活障害年金保険（１０年確定年金） 令和元年度版
14,1573441018-9721,ＪＡ共済 令和元年度版,こども共済,こども共済 令和元年度版
15,1573441153-9780,大樹生命 令和元年度版,無配当定期保険,定期保険－Ｍ 令和元年度版
16,1573441051-9736,かんぽ生命 令和元年度版,特別終身保険／特別終身保険（低解約返戻金型）,新ながいきくん（おたのしみ型）／新ながいきくん（おたのしみ型）（低解約返戻金プラン） 令和元年度版
17,1573441711-10026,住友生命 令和元年度版,5年ごと利差配当付終身保険（一時払い）,ふるはーとJロードプラス 令和元年度版
18,1573441078-9748,明治安田生命 令和元年度版,無配当災害保障付積立保険,明治安田生命じぶんの積立 令和元年度版
19,1573441958-10138,エヌエヌ生命 令和元年度版,無解約返戻金型災害・重度疾病定期保険,エマージェンシー プラス 令和元年度版
20,1573441834-10081,アフラック生命 令和元年度版,就労所得保障保険〔無解約払戻金〕,病気やケガで働けなくなったときの 給与サポート保険 令和元年度版
21,1573441319-9852,日本生命 令和元年度版,低解約払戻金型長寿生存保険（有配当2016）,ニッセイ長寿生存保険（低解約払戻金型）”Ｇｒａｎ Ａｇｅ”（グランエイジ） 令和元年度版
22,1573441931-10126,アクサ生命 令和元年度版,限定告知型終身医療保険（無解約払戻金型）,アクサの「一生保障」の医療保険 スマート・ケア with you 令和元年度版
23,1573441723-10032,住友生命 令和元年度版,最低保証利率付3年ごと利率変動型積立保険／生活障害収入保障特約（固定型）,ライブワン スクエアライン1UP 令和元年度版
24,1573441282-9836,フコクしんらい生命 令和元年度版,がん保障定期保険特約・介護保障定期保険特約付定期保険,ハローキティの定期保険 令和元年度版
25,1573441043-9732,かんぽ生命 令和元年度版,普通養老保険,新フリープラン 令和元年度版
26,1573441846-10087,朝日生命 令和元年度版,５年ごと利差配当付認知症介護終身年金保険（返戻金なし型）,認知症介護終身年金保険（返戻金なし型） 令和元年度版
27,1573441159-9783,大樹生命 令和元年度版,無配当養老保険,ザ・らいふ－Ｍ 令和元年度版
28,1573440880-9658,アクサダイレクト生命 令和元年度版,終身保険（低解約返戻金型）,アクサダイレクトの終身保険 令和元年度版
29,1573441442-9905,大同生命 令和元年度版,無配当重大疾病保障保険（無解約払戻金型）,Ｊタイプ 令和元年度版
30,1573441436-9902,大同生命 令和元年度版,無配当終身介護保障保険（保険料払込中無解約払戻金型）,介護リリーフα 令和元年度版
31,1573441836-10082,アフラック生命  令和元年度版,三大疾病保障終身保険,三大疾病保障プラン 令和元年度版
32,1573440803-9626,メットライフ生命 令和元年度版,利率変動型一時払終身保険（米ドル建 16／豪ドル建 16）,ビー ウィズ ユー プラス 令和元年度版
33,1573441801-10066,オリックス生命 令和元年度版,無配当無解約払戻金型定期保険（インターネット申込専用）,定期保険 Ｂridge［ブリッジ］ 令和元年度版
34,1573441047-9734,かんぽ生命 令和元年度版,定額型終身保険／定額型終身保険（低解約返戻金型）,新ながいきくん（定額型）／新ながいきくん（定額型）（低解約返戻金プラン） 令和元年度版
35,1573440836-9640,メディケア生命 令和元年度版,特定疾病一時給付保険（無解約返戻金型）,メディフィットPlus 令和元年度版
36,1573441184-9794,マニュライフ生命 令和元年度版,無配当外貨建個人年金保険（積立利率変動型）,こだわり個人年金（外貨建） 令和元年度版
37,1573440958-9695,三井住友海上プライマリー生命 令和元年度版,通貨選択型特別終身保険,やさしさ、つなぐ 令和元年度版
38,1573441732-10036,住友生命 令和元年度版,3年ごと配当付特約組立型保険／収入保障特約（18）（5回保証逓減型）／健康増進乗率適用特約,プライムフィット 未来デザイン Vitality 令和元年度版
39,1573441609-9980,ソニー生命 令和元年度版,終身介護保障保険（低解約返戻金型／無配当）,終身介護保障保険（低解約返戻金型／無配当） 令和元年度版
40,1573441842-10085,アフラック生命 令和元年度版,終身保険〔低解約払戻金2018〕,変わらない保険料で、一生涯の保障を。かしこく備える終身保険 令和元年度版
41,1573441477-9921,第一フロンティア生命 令和元年度版,積立利率変動型定額部分付変額終身保険（通貨指定型）,ダブル・フロンティア終身（米ドル建／豪ドル建） 令和元年度版
42,1573441547-9953,第一生命 令和元年度版,こども学資保険（2018）,こども応援団／Ｍｉｃｋｅｙ 令和元年度版
43,1573441755-10046,ジブラルタ生命 令和元年度版,米国ドル建養老保険（無配当）,米国ドル建養老保険 令和元年度版
44,1573440873-9656,アクサダイレクト生命 令和元年度版,定期保険（無解約返戻金型）,アクサダイレクトの定期保険２ 令和元年度版
45,1573441417-9894,チューリッヒ生命 令和元年度版,無解約払戻金型終身医療保険（Ｚ02）,くらすプラス 令和元年度版
46,1573441877-10101,朝日生命 令和元年度版,無配当こども医療保険L（返戻金なし型）（2011）,こども医療保険Ｌ（返戻金なし型）（２０１１） 令和元年度版
47,1573441458-9912,ネオファースト生命 令和元年度版,無解約返戻金型入院一時給付保険,ネオdeいちじきん 令和元年度版
48,1573441498-9931,第一フロンティア生命 令和元年度版,定期支払金付積立利率変動型終身保険,安心一生涯（円建） 令和元年度版
49,1573441605-9979,ソニー生命 令和元年度版,変額保険（終身型／有期型／定期型）（無配当）,バリアブルライフ（終身型／有期型／定期型）（無配当） 令和元年度版
50,1573440931-9682,三井住友海上プライマリー生命 令和元年度版,通貨選択型定額個人年金保険,ＭＡＲＥⅡ ［マーレⅡ］ 令和元年度版
51,1573441296-9842,富国生命 令和元年度版,無配当定期保険,無配当定期保険 令和元年度版
52,1573441717-10029,住友生命 令和元年度版,5年ごと利差配当付限定告知型終身保険,たよれるＹＯＵプラス 令和元年度版
53,1573441657-10002,ソニー生命 令和元年度版,逓減定期保険（無配当）,逓減定期保険（無配当） 令和元年度版
54,1573441628-9989,ソニー生命 令和元年度版,健康還付給付金特則付総合医療保険（無解約返戻金型）18 無配当,メディカル・ベネフィット リターン 令和元年度版
55,1573441361-9870,日本生命 令和元年度版,ニッセイみらいのカタチ,ニッセイみらいのカタチ 令和元年度版
56,1573440811-9629,メットライフ生命 令和元年度版,無配当平準定期保険,無配当平準定期保険（リスク細分型保険料率の適用に関する特則） 令和元年度版
57,1573441496-9930,第一フロンティア生命 令和元年度版,積立利率変動型終身保険（17）（通貨指定型）,四国の絆 令和元年度版
58,1573441259-9826,FWD富士生命 令和元年度版,引受基準緩和型終身医療保険（10）,ゴールドメディ・ワイド 令和元年度版
59,1573441363-9871,東京海上日動あんしん生命 令和元年度版,家計保障定期保険（無解約返戻金型）,家計保障定期保険NEO［無配当］ 令和元年度版
60,1573441386-9881,東京海上日動あんしん生命 令和元年度版,医療総合保険（基本保障・無解約返戻金型）,メディカルＫｉｔ NEO 令和元年度版
61,1573440944-9688,三井住友海上プライマリー生命 令和元年度版,円建終身移行特約付通貨選択利率更改型終身保険,しあわせの架け橋 令和元年度版
62,1573441286-9838,フコクしんらい生命 令和元年度版,5年ごと利差配当付低解約返戻金型終身保険,ＮＯぷろぶれむ 令和元年度版
63,1573441539-9950,第一生命 令和元年度版,生活習慣病入院保険（無解約返還金）（2018）,ジャスト 生活習慣病入院保険 令和元年度版
64,1573441284-9837,フコクしんらい生命 令和元年度版,利率更改型一時払終身保険,利率更改型一時払終身保険<無告知型> 令和元年度版
65,1573441328-9855,日本生命 令和元年度版,特定重度疾病保障保険（有配当2018）,ニッセイみらいのカタチ（特定重度疾病保障保険“だい杖ぶ”） 令和元年度版
66,1573440948-9690,三井住友海上プライマリー生命 令和元年度版,円建終身移行特約付通貨選択利率更改型終身保険,しあわせ、ずっと 令和元年度版
67,1573441226-9811,プルデンシャル生命 令和元年度版,特定疾病保障定期保険,特定疾病保障定期保険 令和元年度版
68,1573441124-9768,三井住友海上あいおい生命 令和元年度版,5年ごと利差配当付特定疾病保障終身保険／特定疾病保障終身保険／特定疾病保障定期保険,特定疾病保障終身保険／特定疾病保障定期保険 令和元年度版
69,1573441438-9903,大同生命 令和元年度版,無配当総合医療保険（保険料払込中無解約払戻金型）,Ｍタイプ 令和元年度版
70,1573440996-9711,こくみん共済coop（全労済） 令和元年度版,終身生命共済,新総合医療共済（終身医療プラン） 令和元年度版
71,1573441665-10006,ソニー生命 令和元年度版,米ドル建養老保険（無配当）,米ドル建養老保険（無配当） 令和元年度版
72,1573441213-9806,プルデンシャル生命 令和元年度版,介護終身保険（認知症加算型）,介護終身保険（認知症加算型） 令和元年度版
73,1573441029-9725,JA共済 令和元年度版,終身共済,終身共済 令和元年度版
74,1573441168-9786,大樹生命 令和元年度版,無配当外貨建終身保険（予定利率更改型）Ⅱ型,ドリームクルーズ プラス 令和元年度版
75,1573440828-9636,メディケア生命 令和元年度版,料率区分型収入保障保険(無解約返戻金型),メディフィット収入保障 令和元年度版
76,1573441253-9824,FWD富士生命 令和元年度版,無解約返戻金型収入保障保険Ⅱ,FWD収入保障 令和元年度版
77,1573441270-9831,FWD富士生命 令和元年度版,低解約返戻金型終身保険,Ｅ－終身 令和元年度版
78,1573441647-9997,ソニー生命 令和元年度版,三大疾病収入保障保険（無配当）,三大疾病収入保障保険（無配当） 令和元年度版
79,1573441566-9962,第一生命 令和元年度版,生存給付金付定期保険（2018）,ジャスト 生存給付金付定期保険 令和元年度版
80,1573441222-9810,プルデンシャル生命 令和元年度版,解約返戻金抑制型入院保険（一時金給付型）,解約返戻金抑制型入院保険（一時金給付型） 令和元年度版
81,1573441510-9937,第一フロンティア生命 令和元年度版,定期支払金付積立利率変動型終身保険,プレミアレシーブ（円建） 令和元年度版
82,1573441000-9713,こくみん共済coop（全労済） 令和元年度版,個人長期生命共済,いきいき応援 令和元年度版
83,1573441659-10003,ソニー生命 令和元年度版,低解約返戻金型平準定期保険（障害介護型）,低解約返戻金型平準定期保険（障害介護型） 令和元年度版
84,1573440952-9692,三井住友海上プライマリー生命 令和元年度版,通貨選択型特別終身保険,贈るよろこび 令和元年度版
85,1573441489-9927,第一フロンティア生命 令和元年度版,積立利率変動型終身保険（17）（通貨指定型）,第一フロンティア終身保険（円建/外貨建・無告知型） 令和元年度版
86,1573441740-10040,ジブラルタ生命 令和元年度版,高度障害療養加算型家族収入保険（保険料払込中無解約返戻金型）〔無配当〕,高度障害療養加算型家族収入保険 令和元年度版
87,1573441323-9853,日本生命 令和元年度版,出産サポート給付金付３大疾病保障保険（有配当2016）,ニッセイ出産サポート給付金付３大疾病保障保険“ChouChou！”（シュシュ） 令和元年度版
88,1573441618-9984,ソニー生命 令和元年度版,終身がん保険（08）（無配当）,終身がん保険（０８）（無配当） 令和元年度版
89,1573441929-10125,アクサ生命 令和元年度版,医療治療保険（無解約払いもどし金型）,アクサの「一生保障」の医療保険 スマート・ケア 令和元年度版
90,1573441400-9887,Ｔ＆Ｄフィナンシャル生命 令和元年度版,無配当特定疾病収入保障保険（無解約払戻金・Ⅱ型）,働くあなたにやさしい保険 令和元年度版
91,1573441653-10000,ソニー生命 令和元年度版,無解約返戻金型平準定期保険（障害介護型）,無解約返戻金型平準定期保険（障害介護型） 令和元年度版
92,1573441245-9820,プルデンシャル生命 令和元年度版,米国ドル建終身保険,米国ドル建終身保険 令和元年度版
93,1573441190-9796,マニュライフ生命 令和元年度版,無配当保険料払込期間中無解約返戻金型終身医療保険（16）,こだわり医療保険 with PRIDE 令和元年度版
94,1573440950-9691,三井住友海上プライマリー生命 令和元年度版,通貨選択利率更改型逓増終身保険,おおきな、まごころ 令和元年度版
95,1573441562-9960,第一生命 令和元年度版,逓減定期保険（無解約返還金）（2018）,ジャスト 逓減定期保険 令和元年度版
96,1573441247-9821,プルデンシャル生命 令和元年度版,終身保険,終身保険 令和元年度版
97,1573441375-9876,東京海上日動あんしん生命 令和元年度版,がん診断保険（無解約返戻金型）健康還付特則 付加,がん診断保険R 令和元年度版
98,1573441132-9771,三井住友海上あいおい生命 令和元年度版,定期保険,定期保険（100歳満了タイプ） 令和元年度版
99,1573440915-9674,三井住友海上プライマリー生命 令和元年度版,目標設定特則付一般勘定移行型変額終身保険,三井住友プライマリー投資型終身保険（ターゲット型） 令和元年度版
100,1573440840-9642,ライフネット生命 令和元年度版,がん保険（無配当・無解約返戻金型）,ダブルエール 令和元年度版
101,1573441826-10078,アフラック生命 令和元年度版,引受基準緩和型医療保険A〔無解約払戻金〕,ちゃんと応える医療保険やさしいEVER 令和元年度版
102,1573441840-10084,アフラック生命 令和元年度版,終身保険［低解約払戻金型］,未来の自分が決める保険 ＷＡＹＳ（ウェイズ） 令和元年度版
103,1573441388-9882,東京海上日動あんしん生命 令和元年度版,新総合医療保険（基本保障・無解約返戻金型）健康増進特約付加,あるく保険 令和元年度版
104,1573441099-9757,明治安田生命 令和元年度版,５年ごと利差配当付一時払特別終身保険,エブリバディ 令和元年度版
105,1573441218-9808,プルデンシャル生命 令和元年度版,がん保険,がん保険 令和元年度版
106,1573441603-9978,ソニー生命 令和元年度版,家族収入保険（無配当）,家族収入保険（無配当） 令和元年度版
107,1573441942-10130,アクサ生命 令和元年度版,無解約払いもどし金型定期保険,アクサの「保障重視」の定期保険 ピュアライフ 令和元年度版
108,1573441780-10057,オリックス生命 令和元年度版,無配当解約払戻金抑制型収入保障保険(2010),家族をささえる保険 Keep（キープ） 令和元年度版
109,1573441867-10096,朝日生命 令和元年度版,５年ごと利差配当付引受基準緩和型医療保険（返戻金なし型）,引受基準緩和型医療保険（返戻金なし型） 令和元年度版
110,1573441089-9752,明治安田生命 令和元年度版,５年ごと利差配当付新養老保険,新養老保険Ｅ 令和元年度版
111,1573440954-9693,三井住友海上プライマリー生命 令和元年度版,通貨選択型特別終身保険,想いの架け橋 令和元年度版
112,1573440898-9667,楽天生命 令和元年度版,女性疾病保険,楽天生命あんしんプラス（女性サポート） 令和元年度版
113,1573441634-9991,ソニー生命 令和元年度版,米ドル建生前給付終身保険（生活保障型／無配当）,米ドル建生前給付終身保険（生活保障型／無配当） 令和元年度版
114,1573441334-9858,日本生命 令和元年度版,3大疾病保障保険（有配当2012）,ニッセイみらいのカタチ（3大疾病保障保険） 令和元年度版
115,1573441035-9728,かんぽ生命 令和元年度版,学資保険（Ｈ24）,はじめのかんぽ 令和元年度版
116,1573440911-9673,楽天生命 令和元年度版,総合保障保険,楽天生命のスーパー２０００ 令和元年度版
117,1573441359-9869,日本生命 令和元年度版,終身保険（有配当2012）,ニッセイみらいのカタチ（終身保険） 令和元年度版
118,1573441315-9850,日本生命 令和元年度版,学資保険（有配当2013）,ニッセイ学資保険 令和元年度版
119,1573440977-9703,都・道・府・県民共済 令和元年度版,生命共済,生命共済プラス型（埼玉県民共済） 令和元年度版
120,1573441027-9724,ＪＡ共済 令和元年度版,一時払終身共済（平28.10）,生存給付特則付一時払終身共済（平28.10） 令和元年度版
121,1573441404-9889,チューリッヒ生命 令和元年度版,無解約払戻金型収入保障保険（非喫煙優良体型）（Ｚ０２）、無解約払戻金型収入保障保険（標準体型）（Ｚ０２）,収入保障保険プレミアムDX（ディーエックス） 令和元年度版
122,1573441568-9963,第一生命 令和元年度版,特定状態充実保障定期保険（無解約返還金）（2018）,ジャスト アシストワイドプラス 令和元年度版
123,1573441344-9863,日本生命 令和元年度版,長期定期保険（有配当2012）,ニッセイ長期定期保険 令和元年度版
124,1573440855-9648,カーディフ生命 令和元年度版,無解約払戻金型特定疾病診断給付保険（Ⅳ型）,無解約払戻金型特定疾病診断給付保険（Ⅳ型） 令和元年度版
125,1573441630-9990,ソニー生命 令和元年度版,学資保険（無配当）,学資保険 令和元年度版
126,1573441419-9895,チューリッヒ生命 令和元年度版,無解約払戻金型定期保険（非喫煙優良体型）（Ｚ０２）、無解約払戻金型定期保険（標準体型）（Ｚ０２）,定期保険プレミアムDX（ディーエックス） 令和元年度版
127,1573441587-9971,損保ジャパン日本興亜ひまわり生命 令和元年度版,払込期間中無解約返戻金限定告知医療保険,新・健康のお守り ハート 令和元年度版
128,1573441263-9828,FWD富士生命 令和元年度版,終身保険,終身保険 令和元年度版
129,1573440884-9660,楽天生命 令和元年度版,生活習慣病保険,生活習慣病保険 令和元年度版
130,1573441927-10124,アクサ生命 令和元年度版,長期傷害保険,アクサの「一生保障」の傷害保険 令和元年度版
131,1573441886-10105,朝日生命 令和元年度版,5年ごと利差配当付引受基準緩和型定期保険(非更新型),引受基準緩和型定期保険(非更新型) 令和元年度版
132,1573441369-9874,東京海上日動あんしん生命 令和元年度版,新変額保険（有期型）,マーケットリンク 令和元年度版
133,1573441946-10132,アクサ生命 令和元年度版,限定告知型定期保険（低払いもどし金型）,アクサの「長期保障」の定期保険 ＯＫライフ 令和元年度版
134,1573440844-9643,ライフネット生命 令和元年度版,終身医療保険（無配当・無解約返戻金型）（2014）,新じぶんへの保険レディース 令和元年度版
135,1573441701-10021,住友生命 令和元年度版,5年ごと利差配当付終身保険,終身保険 令和元年度版
136,1573441790-10062,オリックス生命 令和元年度版,無配当 引受基準緩和型医療保険（2015）,医療保険 新ＣＵＲＥ Ｓｕｐｐｏｒｔ［キュア・サポート］ 令和元年度版
137,1573441784-10059,オリックス生命 令和元年度版,無配当新がん保険（2010）,がん保険 Ｂｅｌｉｅｖｅ［ビリーブ］ 令和元年度版
138,1573441682-10013,住友生命 令和元年度版,予定利率変動型５年ごと利差配当付指定通貨建個人年金保険,たのしみ未来グローバル・たのしみ未来グローバル＜学資積立プラン＞ 令和元年度版
139,1573440900-9668,楽天生命 令和元年度版,入院支援保険（払戻金なし）ガン特則付,楽天生命あんしんプラス（がんサポート） 令和元年度版
140,1573441597-9975,損保ジャパン日本興亜ひまわり生命 令和元年度版,無配当初期災害保障低解約返戻金型逓増定期保険,初期災害保障低解約返戻金型逓増定期保険 令和元年度版
141,1573440981-9705,都・道・府・県民共済 令和元年度版,生命共済,熟年型 令和元年度版
142,1573441238-9817,プルデンシャル生命 令和元年度版,米国ドル建年金支払型特殊養老保険,米国ドル建リタイアメント・インカム 令和元年度版
143,1573441913-10117,アクサ生命 令和元年度版,ユニット・リンク保険（有期型）,ユニット・リンク 令和元年度版
144,1573441039-9730,かんぽ生命 令和元年度版,普通養老保険,新フリープラン（短期払込型） 令和元年度版
145,1573441421-9896,太陽生命 令和元年度版,無配当選択緩和型医療保険（無解約払戻金型）（002） 無配当選択緩和型入院一時金保険（無解約払戻金型）（002）/無配当選択緩和型７大疾病医療一時金保険（無解約払戻金型）（002） 無配当選択緩和型女性疾病医療一時金保険（無解約払戻金型）（002）,保険組曲Ｂｅｓｔ既成緩和（きせいかんわ） 令和元年度版
146,1573441525-9943,第一生命 令和元年度版,特定状態収入保障保険（無解約返還金）（2018）,ジャスト インカムサポートワイド 令和元年度版
147,1573441560-9959,第一生命 令和元年度版,特定疾病充実保障定期保険（無解約返還金）（2018）,ジャスト 特定疾病充実保障定期保険 令和元年度版
148,1573440801-9625,メットライフ生命 令和元年度版,終身医療保険（引受基準緩和型）,終身医療保険（引受基準緩和型）Flexi Gold S（フレキシィ ゴールド エス） 令和元年度版
149,1573440985-9707,都・道・府・県民共済 令和元年度版,生命共済,こども型 令和元年度版
150,1573441770-10053,ジブラルタ生命 令和元年度版,介護保障付終身保険（低解約返戻金型）〔無配当〕,介護保障付終身保険（低解約返戻金型） 令和元年度版
151,1573441911-10116,アクサ生命 令和元年度版,年金払定期付積立型変額保険,ライフプロデュース（０６） 令和元年度版
152,1573440853-9647,ライフネット生命 令和元年度版,定期死亡保険（無配当・無解約返戻金型）,かぞくへの保険 令和元年度版
153,1573441734-10037,住友生命 令和元年度版,3年ごと配当付特約組立型保険／生活障害収入保障特約（固定型）／健康増進乗率適用特約,プライムフィット スクエアライン１UP Vitality 令和元年度版
154,1573441415-9893,チューリッヒ生命 令和元年度版,無解約払戻金型終身医療保険（Z02）,終身医療保険プレミアムDX Lady（ディーエックス・レディ） 令和元年度版
155,1573441778-10056,ジブラルタ生命 令和元年度版,積立利率更改型一時払終身保険（無配当）,積立利率更改型一時払終身保険 令和元年度版
156,1573441261-9827,FWD富士生命 令和元年度版,無解約返戻金型医療保険(2013),さいふにやさしい医療保険 令和元年度版
157,1573441332-9857,日本生命 令和元年度版,継続サポート３大疾病保障保険,ニッセイみらいのカタチ（継続サポート3大疾病保障保険“5つ星”） 令和元年度版
158,1573441620-9985,ソニー生命 令和元年度版,がん保険(無配当),がん保険（無配当） 令和元年度版
159,1573440979-9704,都・道・府・県民共済 令和元年度版,生命共済,新型・県民共済（埼玉県民共済） 令和元年度版
160,1573441728-10034,住友生命 令和元年度版,最低保証利率付3年ごと利率変動型積立保険,ライブワン わんぱっく 令和元年度版
161,1573441330-9856,日本生命 令和元年度版,身体障がい保障保険（有配当2012）,ニッセイみらいのカタチ（身体障がい保障保険） 令和元年度版
162,1573441694-10019,住友生命 令和元年度版,5年ごと利差配当付生存給付金付定期保険（98）,記念日宣言 令和元年度版
163,1573441520-9941,第一フロンティア生命 令和元年度版,生存給付金付養老保険（通貨指定型）,プレミアストーリーＭ２ 令和元年度版
164,1573441672-10009,ソニー生命 令和元年度版,５年ごと利差配当付養老保険,５年ごと利差配当付養老保険 令和元年度版
165,1573441178-9791,マニュライフ生命 令和元年度版,通貨選択型変額終身保険（積立利率更改型定額部分付）,未来を楽しむ終身保険 令和元年度版
166,1573441589-9972,損保ジャパン日本興亜ひまわり生命 令和元年度版,医療保険(2014) A型・手術Ⅰ型・180日型,女性のための入院保険 フェミニーヌ 令和元年度版
167,1573441380-9878,東京海上日動あんしん生命 令和元年度版,医療保険（引受基準緩和・無解約返戻金型）健康還付特則付加,メディカルＫｉｔラヴＲ[無配当] 令和元年度版
168,1573441336-9859,日本生命 令和元年度版,予定利率変動型一時払逓増終身保険（有配当2013）,夢のかたちプラス・ニッセイ予定利率変動型一時払逓増終身保険（毎年逓増型） 令和元年度版
169,1573441105-9760,明治安田生命 令和元年度版,５年ごと配当付組立総合保障保険,ベストスタイル 令和元年度版
170,1573440791-9620,メットライフ生命 令和元年度版,収入保障保険（月払給付・無解約返戻金型）,収入保障保険 MYDEAREST（マイディアレスト） 令和元年度版
171,1573441871-10098,朝日生命 令和元年度版,5年ごと利差配当付医療保険（返戻金なし型）（2010）,医療保険（返戻金なし型）（２０１０） 令和元年度版
172,1573441921-10121,アクサ生命 令和元年度版,ガン治療保険（無解約払いもどし金型）,アクサの「治療保障」のがん保険 マイ・セラピー 令和元年度版
173,1573441576-9966,第一生命 令和元年度版,終身保険（2018）,ジャスト 終身保険 令和元年度版
174,1573441103-9759,明治安田生命 令和元年度版,5年ごと配当付利率変動型積立終身保険（低解約返戻金型・指定通貨建）,つみたてドル建終身 令和元年度版
175,1573441824-10077,アフラック生命 令和元年度版,医療保険［無解約払戻金］,ちゃんと応える医療保険レディースEVER 令和元年度版
176,1573440935-9684,三井住友海上プライマリー生命 令和元年度版,生存保障重視型平準払個人年金保険（利率変動型）,１００年時代応援つみたて 令和元年度版
177,1573441491-9928,第一フロンティア生命 令和元年度版,定期支払金付積立利率変動型終身保険,第一フロンティア終身保険（円建・定期受取型） 令和元年度版
178,1573441651-9999,ソニー生命 令和元年度版,無解約返戻金型平準定期保険（無配当）,無解約返戻金型平準定期保険（無配当） 令和元年度版
179,1573441460-9913,ネオファースト生命 令和元年度版,低解約返戻金型特定疾病保障終身保険,ネオdeとりお 令和元年度版
180,1573441772-10054,ジブラルタ生命 令和元年度版,生存給付金特則付米国ドル建終身保険（無配当）,ドリーム・ゲート 令和元年度版
181,1573441541-9951,第一生命 令和元年度版,女性特定疾病入院保険（無解約返還金）（2018）,ジャスト 女性特定疾病入院保険 令和元年度版
182,1573441923-10122,アクサ生命 令和元年度版,重症化予防支援保険（無解約払戻金型）,予防・早期治療サポート 令和元年度版
183,1573441764-10050,ジブラルタ生命 令和元年度版,米国ドル建介護保障付終身保険（低解約返戻金型）（無配当）,米国ドル建介護保障付終身保険（低解約返戻金型）介護保障50％プラン 令和元年度版
184,1573441518-9940,第一フロンティア生命 令和元年度版,生存給付金付養老保険（通貨指定型）,安心ながつづきＮＥＸＴ 令和元年度版
185,1573440892-9664,楽天生命 令和元年度版,限定告知型医療保険2018,楽天生命スーパーたよれる医療保険 令和元年度版
186,1573441172-9788,大樹生命 令和元年度版,無配当一時払外貨建定期祝金付終身保険,わたしの記念日 令和元年度版
187,1573441761-10049,ジブラルタ生命 令和元年度版,米国ドル建終身保険（無配当）,米国ドル建終身保険 令和元年度版
188,1573441429-9900,太陽生命 令和元年度版,プラン名,保険組曲Ｂｅｓｔ 令和元年度版
189,1573441611-9981,ソニー生命 令和元年度版,5年ごと利差配当付終身介護保障保険,５年ごと利差配当付終身介護保障保険 令和元年度版
190,1573440869-9654,アクサダイレクト生命 令和元年度版,終身医療保険（無解約返戻金型）,アクサダイレクトの終身医療 令和元年度版
191,1573440863-9651,アクサダイレクト生命 令和元年度版,がん保険（定期型）,アクサダイレクトのがん定期 令和元年度版
192,1573441101-9758,明治安田生命 令和元年度版,５年ごと利差配当付一時払特別終身保険,エブリバディ １０ 令和元年度版
193,1573441309-9847,日本生命 令和元年度版,がん医療保険（有配当2012）,ニッセイみらいのカタチ（がん医療保険） 令和元年度版
194,1573441041-9731,かんぽ生命 令和元年度版,特別養老保険,新フリープラン（２倍保障型）（５倍保障型）（１０倍保障型） 令和元年度版
195,1573440956-9694,三井住友海上プライマリー生命 令和元年度版,通貨選択型特別終身保険,幸せの贈りもの 令和元年度版
196,1573441485-9925,第一フロンティア生命 令和元年度版,通貨指定型個人年金保険,プレミアカレンシー・プラス２ 令和元年度版
197,1573441456-9911,ネオファースト生命 令和元年度版,無解約返戻金型終身医療保険,ネオdeいりょう 令和元年度版
198,1573441952-10135,エヌエヌ生命 令和元年度版,無解約返戻金型収入保障保険,収入保障保険 令和元年度版
199,1573441176-9790,マニュライフ生命 令和元年度版,無配当無解約返戻金型家族収入保障保険,こだわり収入保障（無解約返戻金型） 令和元年度版
200,1573441342-9862,日本生命 令和元年度版,低解約払戻金型長期定期保険（有配当2013）,ネクストロード・ニッセイ低解約払戻金型長期定期保険 令和元年度版
201,1573440998-9712,こくみん共済coop（全労済） 令和元年度版,個人定期生命共済／こども定期生命共済／熟年定期生命共済／傷害共済／個人賠償責任共済／終身生命共済／個人長期生命共済,こくみん共済 令和元年度版
202,1573440969-9699,ＣＯ・ＯＰ共済 令和元年度版,終身生命,ＣＯ・ＯＰ共済《ずっとあい》終身生命 令和元年度版
203,1573441031-9726,ＪＡ共済 令和元年度版,引受緩和型終身共済,引受緩和型終身共済 令和元年度版
204,1573441348-9865,日本生命 令和元年度版,定期保険（有配当2012）,ニッセイみらいのカタチ（定期保険） 令和元年度版
205,1573441583-9969,損保ジャパン日本興亜ひまわり生命 令和元年度版,がん保険（2010）,勇気のお守り 令和元年度版
206,1573441707-10024,住友生命 令和元年度版,5年ごと利差配当付限定告知型終身保険,スミセイの千客万頼 令和元年度版
207,1573441145-9776,大樹生命 令和元年度版,無配当保障セレクト保険,大樹セレクト ガンのほけん 令和元年度版
208,1573441062-9740,明治安田生命 令和元年度版,無配当介護保障終身保険（低解約返戻金型）,きずなサポート／かんたんケアワイド 令和元年度版
209,1573441402-9888,Ｔ＆Ｄフィナンシャル生命 令和元年度版,無配当特別終身保険（I型）,家族をつなぐ終身保険 令和元年度版
210,1573441230-9813,プルデンシャル生命 令和元年度版,無解約返戻金型平準定期保険,無解約返戻金型平準定期保険 令和元年度版
211,1573441313-9849,日本生命 令和元年度版,特定損傷保険（有配当2012）,ニッセイみらいのカタチ（特定損傷保険） 令和元年度版
212,1573441865-10095,朝日生命 令和元年度版,無配当生活習慣病保険（返戻金なし型）,生活習慣病保険（返戻金なし型） 令和元年度版
213,1573441686-10015,住友生命 令和元年度版,５年ごと利差配当付指定通貨建個人年金保険（一時払い）,たのしみグローバル（指数連動プラン・定率増加プラン） 令和元年度版
214,1573441797-10065,オリックス生命 令和元年度版,無配当 特定疾病保障保険(2016)(終身・低解約払戻金型),特定疾病保障保険With[ウィズ]終身型 令和元年度版
215,1573441232-9814,プルデンシャル生命 令和元年度版,平準定期保険,平準定期保険 令和元年度版
216,1573441944-10131,アクサ生命 令和元年度版,災害保障重点期間設定型定期保険,アクサの「長期保障」の定期保険 フォローアップライフ 令和元年度版
217,1573441207-9803,プルデンシャル生命 令和元年度版,変額保険（終身型）,変額保険・終身型 令和元年度版
218,1573440851-9646,ライフネット生命 令和元年度版,就業不能保険（無配当・無解約返戻金型）（2016）,働く人への保険２ 令和元年度版
219,1573441917-10119,アクサ生命 令和元年度版,介護終身保険（無配当）,賢者の備え 令和元年度版
220,1573440906-9671,楽天生命 令和元年度版,１年定期保険,楽天生命スーパー定期保険 令和元年度版
221,1573441593-9973,損保ジャパン日本興亜ひまわり生命 令和元年度版,限定告知認知症一時金特約付払込期間中無解約返戻金限定告知骨折治療保険,リンククロス笑顔をまもる認知症保険 令和元年度版
222,1573441409-9891,チューリッヒ生命 令和元年度版,３大疾病特約（Ｚ０２）付加 無解約払戻金型終身ガン治療保険（抗がん剤等保障）（Ｚ０２）,３大疾病保険プレミアムDX（ディーエックス） 令和元年度版
223,1573441195-9798,マニュライフ生命 令和元年度版,通貨選択型一時払終身保険,未来につなげる終身保険 令和元年度版
224,1573441452-9909,ネオファースト生命 令和元年度版,無解約返戻金型治療保障保険,ネオｄｅちりょう 令和元年度版
225,1573441747-10042,ジブラルタ生命 令和元年度版,医療保険（１４）（保険料払込中無解約返戻金型）（無配当）,医療保険 令和元年度版
226,1573441053-9737,かんぽ生命 令和元年度版,引受基準緩和型普通終身保険／引受基準緩和型普通終身保険（低解約返戻金型）,かんぽにおまかせ（終身タイプ）／かんぽにおまかせ（終身タイプ）（低解約返戻金プラン） 令和元年度版
227,1573441676-10011,ソニー生命 令和元年度版,米ドル建終身保険（無配当）,米ドル建終身保険（無配当） 令和元年度版
228,1573440820-9633,みどり生命 令和元年度版,無選択型終身保険（無選択型生存保険金付定期保険引継用）,やまぼうし 令和元年度版
229,1573441473-9919,第一フロンティア生命 令和元年度版,積立利率変動型定額部分付変額終身保険（通貨指定型）,プレミアジャンプ２・終身（外貨建） 令和元年度版
230,1573441265-9829,FWD富士生命 令和元年度版,引受基準緩和型終身保険（低解約返戻金型）（2012）,告知が少ないE－終身 令和元年度版
231,1573441199-9800,マニュライフ生命 令和元年度版,無配当利率感応型10年ごと生存給付保険／無配当利率感応型10年ごと連生生存給付保険,マニュメッド 令和元年度版
232,1573441317-9851,日本生命 令和元年度版,こども保険（有配当2012）,ニッセイこどもの保険［げ・ん・き］ 令和元年度版
233,1573441558-9958,第一生命 令和元年度版,特定疾病定期保険（無解約返還金）（2018）,ジャスト 特定疾病定期保険 令和元年度版
234,1573440938-9685,三井住友海上プライマリー生命 令和元年度版,円建終身移行特約付通貨選択利率更改型終身保険,グローイング ライフ 令和元年度版
235,1573441527-9944,第一生命 令和元年度版,介護年金保険（無解約返還金）（2018）,ジャスト 介護年金保険 令和元年度版
236,1573441465-9915,第一フロンティア生命 令和元年度版,積立利率変動型定額部分付変額終身保険（通貨指定型）,安心２階建てＲ・終身（外貨建） 令和元年度版
237,1573441346-9864,日本生命 令和元年度版,傷害保障重点期間設定型長期定期保険（有配当2017）,ニッセイ傷害保障重点期間設定型長期定期保険“プラチナフェニックス” 令和元年度版
238,1573441058-9738,明治安田生命 令和元年度版,５年ごと利差配当付介護終身年金保障保険,介護のささえ 令和元年度版
239,1573441454-9910,ネオファースト生命 令和元年度版,無解約返戻金型終身医療保険（引受基準緩和型）,ネオｄｅいりょう健康プロモート 令和元年度版
240,1573441425-9898,太陽生命 令和元年度版,無配当選択緩和型認知症診断保険（無解約払戻金型）（001）/無配当選択緩和型認知症治療保険（無解約払戻金型）（001）/無配当選択緩和型医療保険（無解約払戻金型）(002）/無配当選択緩和型入院一時金保険（無解約払戻金型）(002）/無配当選択緩和型女性疾病医療一時金保険（無解約払戻金型）(002）/無配当選択緩和型７大疾病医療一時金保険（無解約払戻金型）(002）,ひまわり認知症予防保険 令和元年度版
241,1573440993-9710,こくみん共済coop（全労済） 令和元年度版,個人長期生命共済,新総合医療共済（定期医療プラン） 令和元年度版
242,1573441738-10039,住友生命 令和元年度版,3年ごと配当付特約組立型保険,プライムフィット わんぱっく 令和元年度版
243,1573441014-9719,ＪＡ共済 令和元年度版,引受緩和型医療共済,引受緩和型医療共済 令和元年度版
244,1573441556-9957,第一生命 令和元年度版,生活障害年金定期保険（2018）,生活障害年金定期保険『エクシード』 令和元年度版
245,1573441599-9976,損保ジャパン日本興亜ひまわり生命 令和元年度版,無選択型終身保険,無選択型終身保険（保険料平準払タイプ） 令和元年度版
246,1573441149-9778,大樹生命 令和元年度版,無配当保障セレクト保険,おまかせセレクト 令和元年度版
247,1573441082-9749,明治安田生命 令和元年度版,無配当短期定期保険,１年更新型定期保険 令和元年度版
248,1573441278-9834,フコクしんらい生命 令和元年度版,解約返戻金抑制型医療保険,医療自在ＦＳ 令和元年度版
249,1573441378-9877,東京海上日動あんしん生命 令和元年度版,がん治療支援保険NEO（無解約返戻金型）,がん治療支援保険NEO 令和元年度版
250,1573441240-9818,プルデンシャル生命 令和元年度版,年金支払型特殊養老保険,リタイアメント・インカム【年金支払型特殊養老保険】 令和元年度版
251,1573441384-9880,東京海上日動あんしん生命 令和元年度版,医療総合保険（基本保障・無解約返戻金型）健康還付特則付加,メディカルKit R［無配当］ 令和元年度版
252,1573441940-10129,アクサ生命 令和元年度版,生活障害保障型定期保険,就業不能保障プラン 令和元年度版
253,1573441803-10067,オリックス生命 令和元年度版,無配当低解約払戻定期保険,ロングターム７ 令和元年度版
254,1573441805-10068,オリックス生命 令和元年度版,無配当解約払戻金抑制型定期保険,ファインセーブ 令和元年度版
255,1573441444-9906,大同生命 令和元年度版,無配当年満期定期保険（無解約払戻金型）,Ｒタイプ 令和元年度版
256,1573441956-10137,エヌエヌ生命 令和元年度版,定期保険,クオリティ 令和元年度版
257,1573441251-9823,FWD富士生命 令和元年度版,引受基準緩和型収入保障保険（無解約返戻金型）,FWD収入保障引受緩和 令和元年度版
258,1573441782-10058,オリックス生命 令和元年度版,無配当無解約払戻金型がん治療保険,がん保険 Force［フォース］ 令和元年度版
259,1573441440-9904,大同生命 令和元年度版,無配当就業障がい保障保険（身体障がい者手帳連動・無解約払戻金型）※災害死亡保障特則を適用,Ｔタイプ 令和元年度版
260,1573440857-9649,カーディフ生命 令和元年度版,ライフサイクルプラン,ライフサイクルプラン 令和元年度版
261,1573441170-9787,大樹生命 令和元年度版,5年ごと利差配当付終身保険,グランドクルーズ 令和元年度版
262,1573441888-10106,朝日生命 令和元年度版,無配当普通定期保険（低解約返戻金型）,プレステージ２ 令和元年度版
263,1573441655-10001,ソニー生命 令和元年度版,平準定期保険（無配当）,平準定期保険（無配当） 令和元年度版
264,1573441919-10120,アクサ生命 令和元年度版,がん収入保障保険（無解約払いもどし金型）,アクサの「収入保障」のがん保険 令和元年度版
265,1573441020-9722,ＪＡ共済 令和元年度版,生活障害共済,生活障害共済「働くわたしのささエール」 平成３０年度版
266,1573441678-10012,ソニー生命 令和元年度版,米ドル建一時払終身保険（無告知型／無配当）,米ドル建一時払終身保険（無告知型／無配当） 令和元年度版
267,1573441182-9793,マニュライフ生命 令和元年度版,外貨建定額個人年金保険,パワー・カレンシー 令和元年度版
268,1573441033-9727,ＪＡ共済 令和元年度版,一時払終身共済（平28.10）,一時払終身共済（平28.10） 令和元年度版
269,1573441815-10073,アフラック生命 令和元年度版,特別がん保険〔無解約払戻金〕,生きるためのがん保険寄りそうDays 令和元年度版
270,1573440793-9621,メットライフ生命 令和元年度版,個人年金保険（米ドル建09）,レグルスⅣ 令和元年度版
271,1573441795-10064,オリックス生命 令和元年度版,無配当 特定疾病保障保険(2016)(定期・無解約払戻金型),特定疾病保障保険With[ウィズ]定期型 令和元年度版
272,1573440838-9641,メディケア生命 令和元年度版,定期保険(無解約返戻金型),メディフィット定期 令和元年度版
273,1573441663-10005,ソニー生命 令和元年度版,養老保険（無配当）,養老保険（無配当） 令和元年度版
274,1573441554-9956,第一生命 令和元年度版,定期保険（2018）,長期定期保険『サクセス』 令和元年度版
275,1573441851-10089,朝日生命 令和元年度版,５年ごと利差配当付軽度介護定期保険,軽度介護定期保険 令和元年度版
276,1573440875-9657,アクサダイレクト生命 令和元年度版,引受基準緩和型定期保険（無解約返戻金型）,アクサダイレクトのはいりやすい定期 令和元年度版
277,1573441786-10060,オリックス生命 令和元年度版,無配当七大生活習慣病入院保険 入院医療特約付,死亡保障付医療保険 Ｒｅｌｉｅｆ  Ｗ（リリーフ・ダブル） 令和元年度版
278,1573440795-9622,メットライフ生命 令和元年度版,終身ガン治療保険,ガン保険 ガードエックス Guard X 令和元年度版
279,1573440925-9679,三井住友海上プライマリー生命 令和元年度版,通貨選択型定額個人年金保険,みらい、そだてる 令和元年度版
280,1573441357-9868,日本生命 令和元年度版,終身保険（有配当2012）,ニッセイ一時払終身保険 令和元年度版
281,1573441130-9770,三井住友海上あいおい生命 令和元年度版,無解約返戻金型定期保険,無解約返戻金型定期保険 令和元年度版
282,1573440909-9672,楽天生命 令和元年度版,限定告知型定期保険（払戻金なし）,楽天生命スーパーたよれる定期保険 令和元年度版
283,1573440942-9687,三井住友海上プライマリー生命 令和元年度版,死亡保障充実特約付通貨選択利率更改型終身保険（定期支払特約付）,しあわせの架け橋（定期支払プラン） 令和元年度版
284,1573440871-9655,アクサダイレクト生命 令和元年度版,就業不能保険（無解約返戻金型）,アクサダイレクトの働けないときの安心 令和元年度版
285,1573441367-9873,東京海上日動あんしん生命 令和元年度版,家計保障定期保険（無解約返戻金型） 特定疾病・重度介護保険料払込免除特則、５疾病・重度介護家計保障特約付加,家計保障定期保険NEO［無配当］ 就業不能保障プラン 令和元年度版
286,1573440896-9666,楽天生命 令和元年度版,入院支援保険（払戻金なし）,楽天生命あんしんプラス（入院サポート） 令和元年度版
287,1573441110-9762,三井住友海上あいおい生命 令和元年度版,新収入保障保険（払込期間中無解約返戻金型）,＆ＬＩＦＥ 新総合収入保障 令和元年度版
288,1573441749-10043,ジブラルタ生命 令和元年度版,低解約返戻金特則付特定疾病保障終身保険（無配当）,低解約返戻金特則付特定疾病保障終身保険 令和元年度版
289,1573441257-9825,FWD富士生命 令和元年度版,無解約返戻金型悪性新生物療養保険(2017),新がんベスト・ゴールドα 令和元年度版
290,1573441817-10074,アフラック生命 令和元年度版,がん保険〔無解約払戻金2018契約者用〕,生きるためのがん保険Days１プラス 令和元年度版
291,1573440888-9662,楽天生命 令和元年度版,医療保険1095（払戻金なし）,楽天生命医療保険1095α 令和元年度版
292,1573441882-10103,朝日生命 令和元年度版,５年ごと利差配当付収入サポート保険,収入サポート 令和元年度版
293,1573441502-9933,第一フロンティア生命 令和元年度版,積立利率変動型終身保険（17）（通貨指定型）,安心ひこうせん 令和元年度版
294,1573441093-9754,明治安田生命 令和元年度版,生存給付金付終身保険,祝金付シニアプラン 令和元年度版
295,1573441875-10100,朝日生命 令和元年度版,無配当引受基準緩和型新医療保険(返戻金なし型)Ｓ,スマイルメディカルSuperワイド 令和元年度版
296,1573441896-10110,朝日生命 令和元年度版,5年ごと利差配当付引受基準緩和型終身保険(低解約返戻金型),引受基準緩和型終身保険(低解約返戻金型) 令和元年度版
297,1573441076-9747,明治安田生命 令和元年度版,無配当こども保険,明治安田生命つみたて学資 令和元年度版
298,1573441068-9743,明治安田生命 令和元年度版,5年ごと配当付組立総合保障保険,メディカルスタイル Ｆ 令和元年度版
299,1573441645-9996,ソニー生命 令和元年度版,生前給付終身保険（生活保障型／無配当）,生前給付終身保険（生活保障型／無配当） 令和元年度版
300,1573441228-9812,プルデンシャル生命 令和元年度版,解約返戻金抑制型就労不能障害保険,就労不能障害保険 令和元年度版
301,1573441751-10044,ジブラルタ生命 令和元年度版,平準定期保険（無配当）,平準定期保険 令和元年度版
302,1573441793-10063,オリックス生命 令和元年度版,無配当 無解約払戻金型医療保険(2013)・女性入院特約(2007),医療保険 新CURE Ｌａｄｙ（キュア・レディ） 令和元年度版
303,1573441209-9804,プルデンシャル生命 令和元年度版,米国ドル建介護終身保険（認知症加算型）,米国ドル建介護終身保険（認知症加算型） 令和元年度版
304,1573441578-9967,第一生命 令和元年度版,ジャスト,ジャスト 令和元年度版
305,1573441180-9792,マニュライフ生命 令和元年度版,変額保険Ⅰ型（有期型）,こだわり変額保険 令和元年度版
306,1573441552-9955,第一生命 令和元年度版,逓増定期保険（2018）,逓増定期保険『マジェスティ』 令和元年度版
307,1573440973-9701,都・道・府・県民共済 令和元年度版,生命共済,熟年入院型 令和元年度版
308,1573441128-9769,三井住友海上あいおい生命 令和元年度版,終身保険（低解約返戻金型）,＆ＬＩＦＥ 終身保険（低解約返戻金型） 令和元年度版
309,1573441516-9939,第一フロンティア生命 令和元年度版,生存給付金付養老保険（通貨指定型）,第一フロンティア生存給付金付養老保険（外貨建） 令和元年度版
310,1573440971-9700,都・道・府・県民共済 令和元年度版,生命共済,入院保障型 令和元年度版
311,1573441394-9885,Ｔ＆Ｄフィナンシャル生命 令和元年度版,無配当収入保障保険（無解約払戻金・Ⅱ型）,家計にやさしい収入保障 令和元年度版
312,1573441037-9729,かんぽ生命 令和元年度版,長寿支援保険（低解約返戻金型）,長寿のしあわせ 令和元年度版
313,1573441085-9750,明治安田生命 令和元年度版,養老保険,養老保険 令和元年度版
314,1573440830-9637,メディケア生命 令和元年度版,限定告知型医療終身保険（無解約返戻金型）,メディフィットRe 令和元年度版
315,1573441828-10079,アフラック生命 令和元年度版,医療保険［無解約払戻金］,ちゃんと応える医療保険EVER 令和元年度版
316,1573440975-9702,都・道・府・県民共済 令和元年度版,生命共済,総合保障型 令和元年度版
317,1573441508-9936,第一フロンティア生命 令和元年度版,定期支払金付積立利率変動型終身保険（通貨指定型）,プレミアレシーブ（外貨建） 令和元年度版
318,1573441873-10099,朝日生命 令和元年度版,無配当新医療保険(返戻金なし型)（2017）Ｓ,スマイルメディカルネクストα 令和元年度版
319,1573441504-9934,第一フロンティア生命 令和元年度版,定期支払金付積立利率変動型終身保険（通貨指定型）,プレミアレシーブＭ（外貨建） 令和元年度版
320,1573440861-9650,アクサダイレクト生命 令和元年度版,収入保障保険（無解約返戻金型）,アクサダイレクトの収入保障２ 令和元年度版
321,1573441730-10035,住友生命 令和元年度版,3年ごと配当付特約組立型保険／生活障害収入保障特約（5回保証逓減型）／健康増進乗率適用特約,プライムフィット 未来デザイン１UP Vitality 令和元年度版
322,1573441907-10114,朝日生命 令和元年度版,利率変動型積立保険,ハハの幸せ コの幸せ 令和元年度版
323,1573441696-10020,住友生命 令和元年度版,5年ごと利差配当付自由保険,自由保険 令和元年度版
324,1573440805-9627,メットライフ生命 令和元年度版,積立利率変動型一時払終身保険（米ドル保険料建15／豪ドル保険料建15）,サニーガーデンEX 令和元年度版
325,1573441290-9840,富国生命 令和元年度版,医療保険(16)／終身医療保険(16)［払戻金なし型］,医療大臣プレミアエイト 令和元年度版
326,1573441570-9964,第一生命 令和元年度版,特定状態定期保険（無解約返還金）（2018）,ジャスト アシストワイド 令和元年度版
327,1573440967-9698,ＣＯ・ＯＰ共済 令和元年度版,定期生命共済,ＣＯ・ＯＰ共済《あいぷらす》 令和元年度版
328,1573441638-9993,ソニー生命 令和元年度版,生前給付保険（終身型）98（無配当）,生前給付保険（終身型）９８（無配当） 令和元年度版
329,1573441661-10004,ソニー生命 令和元年度版,長期平準定期保険（障害保障型／無配当）,長期平準定期保険（障害保障型／無配当） 令和元年度版
330,1573441595-9974,損保ジャパン日本興亜ひまわり生命 令和元年度版,無解約返戻金型総合生活障害保障保険,リンククロスナインガード 令和元年度版
331,1573441848-10088,朝日生命 令和元年度版,５年ごと利差配当付認知症介護一時金保険（返戻金なし型）,認知症介護一時金保険（返戻金なし型） 令和元年度版
332,1573441016-9720,ＪＡ共済 令和元年度版,医療共済,医療共済 令和元年度版
333,1573441572-9965,第一生命 令和元年度版,養老保険（2018）,ジャスト 養老保険 令和元年度版
334,1573440890-9663,楽天生命 令和元年度版,終身医療保険2018,楽天生命スーパー医療保険 令和元年度版
335,1573441311-9848,日本生命 令和元年度版,入院総合保険（有配当2019）,ニッセイみらいのカタチ（入院総合保険） 令和元年度版
336,1573441215-9807,プルデンシャル生命 令和元年度版,介護一時金保険,介護一時金保険 令和元年度版
337,1573441807-10069,オリックス生命 令和元年度版,無配当 指定通貨建特別終身保険（低解約払戻金型）,米ドル建終身保険Candle[キャンドル] 令和元年度版
338,1573440983-9706,都・道・府・県民共済 令和元年度版,生命共済,医療・生命共済（埼玉県民共済） 令和元年度版
339,1573441533-9947,第一生命 令和元年度版,特定損傷保険（無解約返還金）（2018）,ジャスト 特定損傷保険 令和元年度版
340,1573441163-9784,大樹生命 令和元年度版,無配当低解約返戻金型外貨建終身保険（予定利率毎月更改型）,フラット外貨終身 令和元年度版
341,1573441450-9908,ネオファースト生命 令和元年度版,無解約返戻金型特定生活習慣病入院一時給付保険,ネオde健康エール 令和元年度版
342,1573441537-9949,第一生命 令和元年度版,先進医療保険（無解約返還金）（2018）,ジャスト 先進医療保険 令和元年度版
343,1573440933-9683,三井住友海上プライマリー生命 令和元年度版,年金開始時年金額確定特約付通貨選択生存保障重視型個人年金保険／通貨選択型定額個人年金保険,Ｂｒｏａｄｗａｙ ＷｏｒｌｄⅢ ［ブロードウェイ ワールドⅢ］ 令和元年度版
344,1573440919-9676,三井住友海上プライマリー生命 令和元年度版,通貨選択一般勘定移行型変額終身保険,プライムチャンス 令和元年度版
345,1573441392-9884,東京海上日動あんしん生命 令和元年度版,定期保険,定期保険［無配当］ 令和元年度版
346,1573441002-9714,こくみん共済coop（全労済） 令和元年度版,終身生命共済・個人長期生命共済,新せいめい共済（終身生命プラン・定期生命プラン） 令和元年度版
347,1573441112-9763,三井住友海上あいおい生命 令和元年度版,新収入保障保険（払込期間中無解約返戻金型）,＆ＬＩＦＥ 新収入保障 令和元年度版
348,1573441487-9926,第一フロンティア生命 令和元年度版,定期支払金付積立利率変動型終身保険（通貨指定型）,第一フロンティア終身保険（外貨建・定期受取型） 令和元年度版
349,1573441684-10014,住友生命 令和元年度版,5年ごと利差配当付生存保障重視型個人年金保険（14）,たのしみワンダフル／たのしみ未来 令和元年度版
350,1573441471-9918,第一フロンティア生命 令和元年度版,積立利率変動型定額部分付変額終身保険（15）,プレミアセレクトＭ２・終身（円建） 令和元年度版
351,1573441303-9845,日本生命 令和元年度版,介護保障保険（有配当2012）,ニッセイみらいのカタチ（介護保障保険） 令和元年度版
352,1573441721-10031,住友生命 令和元年度版,最低保証利率付3年ごと利率変動型積立保険／収入保障特約（18）（5回保証逓減型）,ライブワン 未来デザイン 令和元年度版
353,1573441759-10048,ジブラルタ生命 令和元年度版,米国ドル建終身保険（低解約返戻金型）（無配当）,米国ドル建終身保険（低解約返戻金型） 令和元年度版
354,1573440923-9678,三井住友海上プライマリー生命 令和元年度版,通貨選択生存保障重視型個人年金保険,一生涯受け取れる 人生応援年金 令和元年度版
355,1573441122-9767,三井住友海上あいおい生命 令和元年度版,5年ごと利差配当付こども保険,＆ＬＩＦＥ こども保険 令和元年度版
356,1573441299-9843,富国生命 令和元年度版,特約組立型総合保険,未来のとびら 令和元年度版
357,1573441249-9822,プルデンシャル生命 令和元年度版,修正払込方式終身保険,修正払込方式終身保険［Ｍ５］ 令和元年度版
358,1573440846-9644,ライフネット生命 令和元年度版,終身医療保険（無配当・無解約返戻金型）（2014）,新じぶんへの保険 令和元年度版
359,1573441954-10136,エヌエヌ生命 令和元年度版,無解約返戻金型定期保険,スマートターム 令和元年度版
360,1573440960-9696,ＣＯ・ＯＰ共済 令和元年度版,生命共済／住宅災害共済／こども共済,ＣＯ・ＯＰ共済《たすけあい》 令和元年度版
361,1573441863-10094,朝日生命 令和元年度版,5年ごと利差配当付がん保険(返戻金なし型)(2015),がん保険(返戻金なし型)（２０１５） 令和元年度版
362,1573441446-9907,ネオファースト生命 令和元年度版,無解約返戻金型収入保障保険,ネオdeしゅうほ 令和元年度版
363,1573441904-10113,朝日生命 令和元年度版,利率変動型積立保険,保険王プラス スマイルキッズ 令和元年度版
364,1573440902-9669,楽天生命 令和元年度版,定期保険,定期保険 令和元年度版
365,1573441788-10061,オリックス生命 令和元年度版,無配当 無解約払戻金型医療保険(2013),医療保険 新CURE（キュア） 令和元年度版
366,1573441060-9739,明治安田生命 令和元年度版,5年ごと利差配当付介護終身年金保障保険,やさしさ二重奏／終身ケアプラス 令和元年度版
367,1573441008-9717,ＪＡ共済 令和元年度版,予定利率変動型年金共済,予定利率変動型年金共済「ライフロード」 令和元年度版
368,1573441120-9766,三井住友海上あいおい生命 令和元年度版,低・無解約返戻金選択型医療保険（18）無配当,＆ＬＩＦＥ 新医療保険Ａ（エース）プレミア 令和元年度版
369,1573441371-9875,東京海上日動あんしん生命 令和元年度版,低解約返戻金型終身介護保険,長生き支援終身［無配当］ 令和元年度版
370,1573440894-9665,楽天生命 令和元年度版,限定告知型医療保険（払戻金なし）,楽天生命たよれるスマート120日型 令和元年度版
371,1573441936-10127,アクサ生命 令和元年度版,初期低払いもどし金型逓増定期保険,初期低払いもどし金型逓増定期保険 令和元年度版
372,1573441242-9819,プルデンシャル生命 令和元年度版,米国ドル建特別終身保険（無告知型）（生存保険金特則付）,米国ドル建特別終身保険（無告知型）（生存保険金特則付） 令和元年度版
373,1573441353-9867,日本生命 令和元年度版,養老保険（有配当2012）,ニッセイみらいのカタチ（養老保険） 令和元年度版
374,1573441280-9835,フコクしんらい生命 令和元年度版,定期保険,定期保険 令和元年度版
375,1573441838-10083,アフラック生命 令和元年度版,定期保険,アフラックの定期保険 令和元年度版
376,1573441157-9782,大樹生命 令和元年度版,無配当一時払外貨建生存給付金付特殊養老保険,ドリームロード（ドリームロードステップ） 令和元年度版
377,1573441022-9723,ＪＡ共済 令和元年度版,養老生命共済,養老生命共済 令和元年度版
378,1573440867-9653,アクサダイレクト生命 令和元年度版,医療保険（定期型）,アクサダイレクトの定期医療 令和元年度版
379,1573440962-9697,ＣＯ・ＯＰ共済 令和元年度版,終身医療,ＣＯ・ＯＰ共済《ずっとあい》終身医療 令和元年度版
380,1573441768-10052,ジブラルタ生命 令和元年度版,終身保険（無配当）,終身保険 令和元年度版
381,1573441151-9779,大樹生命 令和元年度版,無配当外貨建学資保険,想いをはぐくむ大樹の学資 令和元年度版
382,1573441116-9764,三井住友海上あいおい生命 令和元年度版,5年ごと利差配当付個人年金保険（無選択特則付）,＆ＬＩＦＥ 個人年金保険 令和元年度版
383,1573441201-9801,マニュライフ生命 令和元年度版,無配当利率感応型10年ごと生存給付保険／無配当利率感応型10年ごと連生生存給付保険,マニュフレックス 令和元年度版
384,1573441616-9983,ソニー生命 令和元年度版,5年ごと利差配当付個人年金保険,５年ごと利差配当付個人年金保険 令和元年度版
385,1573440927-9680,三井住友海上プライマリー生命 令和元年度版,通貨選択生存保障重視型個人年金保険,かがやきの架け橋 令和元年度版
386,1573441512-9938,第一フロンティア生命 令和元年度版,積立利率変動型終身保険（17）（通貨指定型）,プレミアプレゼント 令和元年度版
387,1573441902-10112,朝日生命 令和元年度版,利率変動型積立保険,保険王プラス／やさしさプラス 令和元年度版
388,1573441894-10109,朝日生命 令和元年度版,5年ごと利差配当付普通終身保険（低解約返戻金型）,普通終身保険（低解約返戻金型） 令和元年度版
389,1573441288-9839,富国生命 令和元年度版,災害死亡給付金付個人年金保険,みらいプラス 令和元年度版
390,1573441012-9718,JA共済 令和元年度版,がん共済,がん共済 令和元年度版
391,1573441483-9924,第一フロンティア生命 令和元年度版,通貨指定型個人年金保険,プレミアカレンシーＭ２ 令和元年度版
392,1573441898-10111,朝日生命 令和元年度版,5年ごと利差配当付7大疾病終身保険(低解約返戻金型),７大疾病終身保険(低解約返戻金型) 令和元年度版
393,1573440834-9639,メディケア生命 令和元年度版,医療終身保険（無解約返戻金型） 健康還付給付特則 適用,メディフィット リターン 令和元年度版
394,1573441234-9815,プルデンシャル生命 令和元年度版,逓減定期保険,逓減定期保険 令和元年度版
395,1573441070-9744,明治安田生命 令和元年度版,5年ごと配当付組立総合保障保険,メディカルスタイル Ｆ Ｊｒ． 令和元年度版
396,1573441819-10075,アフラック生命 令和元年度版,がん保険〔低・無解約払戻金2018〕,生きるためのがん保険Days１ 令和元年度版
397,1573441475-9920,第一フロンティア生命 令和元年度版,積立利率変動型定額部分付変額終身保険（15）,プレミアジャンプ２・終身（円建） 令和元年度版
398,1573440904-9670,楽天生命 令和元年度版,長期逓減定期保険（払戻金なし）,長期逓減定期保険 令和元年度版
399,1573441585-9970,損保ジャパン日本興亜ひまわり生命 令和元年度版,医療保険（2014）終身タイプ,新・健康のお守り 令和元年度版
400,1573440849-9645,ライフネット生命 令和元年度版,定期療養保険（無配当・無解約返戻金型）,じぶんへの保険プラス（がん・先進医療保障付き） 令和元年度版
401,1573440989-9709,こくみん共済coop（全労済） 令和元年度版,終身生命共済,新総合医療共済（終身介護プラン） 令和元年度版
402,1573441267-9830,FWD富士生命 令和元年度版,保険料払込免除特約付低解約返戻金型終身保険,レスキューＰ（パック） Ｅ－終身 令和元年度版
403,1573441757-10047,ジブラルタ生命 令和元年度版,米国ドル建年金支払型特殊養老保険（無配当）,米国ドル建リタイアメント・インカム 令和元年度版
404,1573441535-9948,第一生命 令和元年度版,総合医療保険（無解約返還金）（2018）,ジャスト 総合医療保険 令和元年度版
405,1573441703-10022,住友生命 令和元年度版,低解約返戻金型無配当介護保障終身保険,バリューケア 令和元年度版
406,1573441925-10123,アクサ生命 令和元年度版,患者申出療養給付保険（無解約払戻金型）,患者申出療養サポート 令和元年度版
407,1573441045-9733,かんぽ生命 令和元年度版,引受基準緩和型普通養老保険,かんぽにおまかせ（満期タイプ） 令和元年度版
408,1573441220-9809,プルデンシャル生命 令和元年度版,がん診断保険,がん診断保険 令和元年度版
409,1573441859-10093,朝日生命 令和元年度版,５年ごと利差配当付介護一時金保険（返戻金なし型）（2012）,あんしん介護（経営者プラン） 令和元年度版
410,1573441301-9844,日本生命 令和元年度版,指定通貨建生存給付金付変額保険（無配当2017）,夢のプレゼント・ニッセイ指定通貨建生存給付金付変額保険（米ドル建・豪ドル建） 令和元年度版
411,1573441626-9988,ソニー生命 令和元年度版,総合医療保険（無解約返戻金型）18 無配当,メディカル・ベネフィット 令和元年度版
412,1573441365-9872,東京海上日動あんしん生命 令和元年度版,家計保障定期保険（無解約返戻金型） 特定疾病・障害・重度介護保険料払込免除特則、５疾病・障害・重度介護家計保障特約付加,家計保障定期保険NEO［無配当］ 就業不能保障プランPlus 令和元年度版
413,1573441636-9992,ソニー生命 令和元年度版,生前給付保険（定期型）98（無配当）,生前給付保険（定期型）９８（無配当） 令和元年度版
414,1573440987-9708,こくみん共済coop（全労済） 令和元年度版,個人長期生命共済,新総合医療共済（定期介護プラン） 令和元年度版
415,1573441909-10115,朝日生命 令和元年度版,利率変動型積立保険・指定契約,かなえるプラス 令和元年度版
416,1573441736-10038,住友生命 令和元年度版,3年ごと配当付特約組立型保険／収入保障特約（18）（固定型）／健康増進乗率適用特約,プライムフィット スクエアライン Vitality 令和元年度版
417,1573441855-10091,朝日生命 令和元年度版,5年ごと利差配当付介護終身年金保険（返戻金なし型）（2012）,介護終身年金保険（返戻金なし型）（２０１２） 令和元年度版
418,1573441915-10118,アクサ生命 令和元年度版,利率変動型定額部分付変額終身保険（通貨選択型）,アクサの「外貨建て」の変額終身保険 アップサイドプラス 令和元年度版
419,1573441326-9854,日本生命 令和元年度版,就業不能保険（有配当・無解約払戻金2017）,ニッセイ就業不能保険（無解約払戻金）“もしものときの…生活費” 令和元年度版
420,1573441139-9774,大樹生命 令和元年度版,無配当保障セレクト保険,大樹セレクト 介護のほけん 令和元年度版
421,1573440940-9686,三井住友海上プライマリー生命 令和元年度版,死亡保障充実特約付通貨選択利率更改型終身保険（定期支払特約付）,たのしみ、ずっと 令和元年度版
422,1573441091-9753,明治安田生命 令和元年度版,5年ごと利差配当付一時払特別養老保険（指定通貨建）,豪ドル建・一時払養老保険 令和元年度版
423,1573441398-9886,Ｔ＆Ｄフィナンシャル生命 令和元年度版,無配当終身医療保険（無解約払戻金・Ⅱ型）,家計にやさしい終身医療 令和元年度版
424,1573441481-9923,第一フロンティア生命 令和元年度版,通貨指定型個人年金保険,安心たいこ判２（米ドル・ユーロ・豪ドル） 令和元年度版
425,1573441390-9883,東京海上日動あんしん生命 令和元年度版,低解約返戻金型逓増定期保険,低解約返戻金型逓増定期保険［無配当］ 令和元年度版
426,1573441205-9802,プルデンシャル生命 令和元年度版,解約返戻金抑制型家族収入保険（高度障害療養加算型）,解約返戻金抑制型家族収入保険（高度障害療養加算型） 令和元年度版
427,1573441624-9987,ソニー生命 令和元年度版,総合医療保険（無配当）,総合医療保険（無配当） 令和元年度版
428,1573441338-9860,日本生命 令和元年度版,指定通貨建積立利率変動型一時払終身保険（有配当2018）,ロングドリームGOLD３・ニッセイ指定通貨建積立利率変動型一時払終身保険（米ドル建・豪ドル建） 令和元年度版
429,1573441155-9781,大樹生命 令和元年度版,無配当低解約返戻金型定期保険,ステイタス－Ｍ 令和元年度版
430,1573441892-10108,朝日生命 令和元年度版,５年ごと利差配当付災害死亡重点保障型定期保険,グランドステージ 令和元年度版
431,1573441529-9945,第一生命 令和元年度版,個人年金保険（2018）,積立年金『しあわせ物語』 令和元年度版
432,1573441688-10016,住友生命 令和元年度版,5年ごと利差配当付生存保障重視型個人年金保険（14）,たのしみキャンバス／たのしみ未来（学資積立プラン） 令和元年度版
433,1573441049-9735,かんぽ生命 令和元年度版,2倍型終身保険／5倍型終身保険／2倍型終身保険（低解約返戻金型）／5倍型終身保険（低解約返戻金型）,新ながいきくん（ばらんす型２・５倍）／新ながいきくん（ばらんす型２・５倍）（低解約返戻金プラン） 令和元年度版
434,1573441950-10134,アクサ生命 令和元年度版,無配当終身保険/無配当終身保険（低払いもどし金特則付）,アクサの「一生保障」の終身保険 保険料長期割安型 令和元年度版
435,1573441674-10010,ソニー生命 令和元年度版,有期払込終身保険（無配当）,有期払込終身保険（無配当） 令和元年度版
436,1573441118-9765,三井住友海上あいおい生命 令和元年度版,ガン保険（無解約返戻金型）（18）,＆ＬＩＦＥ ガン保険スマート 令和元年度版
437,1573440807-9628,メットライフ生命 令和元年度版,積立利率変動型終身保険（米国通貨建2002）,ＵＳドル建終身保険 ドルスマート エス 令和元年度版
438,1573441709-10025,住友生命 令和元年度版,低解約返戻金型無配当終身保険／低解約返戻金型無配当介護保障終身保険,ふるはーとＬ／ふるはーとＬ＜介護プラン＞、充実世代／充実世代＜介護プラン＞ 令和元年度版
439,1573441774-10055,ジブラルタ生命 令和元年度版,生存給付金特則付米国ドル建終身保険（無配当）,どるフィン 令和元年度版
440,1573441523-9942,第一フロンティア生命 令和元年度版,生存給付金付養老保険（通貨指定型）,プレミアストーリー２ 令和元年度版
441,1573441564-9961,第一生命 令和元年度版,定期保険（無解約返還金）（2018）,ジャスト 定期保険 令和元年度版
442,1573441766-10051,ジブラルタ生命 令和元年度版,米国ドル建介護保障付終身保険（低解約返戻金型）（無配当）,米国ドル建介護保障付終身保険（低解約返戻金型）介護保障100％プラン 令和元年度版
443,1573441705-10023,住友生命 令和元年度版,低解約返戻金型無配当終身保険,バラ色人生 令和元年度版
444,1573441097-9756,明治安田生命 令和元年度版,5年ごと利差配当付利率変動型一時払特別終身保険（指定通貨建）,外貨建・エブリバディプラス 令和元年度版
445,1573441192-9797,マニュライフ生命 令和元年度版,無配当外貨建終身保険（積立利率変動型）,こだわり外貨終身 令和元年度版
446,1573441107-9761,明治安田生命 令和元年度版,５年ごと配当付組立総合保障保険,ベストスタイル Ｊｒ． 令和元年度版
447,1573441095-9755,明治安田生命 令和元年度版,５年ごと利差配当付終身保険,終身保険パイオニアＥ 令和元年度版
448,1573441166-9785,大樹生命 令和元年度版,無配当外貨建終身保険016（予定利率更改型）,ドリームクルーズワイド 令和元年度版
449,1573441667-10007,ソニー生命 令和元年度版,米ドル建特殊養老保険（無配当）,米ドル建特殊養老保険（無配当） 令和元年度版
450,1573441869-10097,朝日生命 令和元年度版,5年ごと利差配当付医療保険L（返戻金なし型）（2011）,医療保険Ｌ（返戻金なし型）（２０１１） 令和元年度版
451,1573441174-9789,大樹生命 令和元年度版,無配当保障セレクト保険,大樹セレクト 令和元年度版
452,1573441649-9998,ソニー生命 令和元年度版,逓増定期保険（低解約返戻金型／無配当）,逓増定期保険（低解約返戻金型／無配当） 令和元年度版
453,1573441938-10128,アクサ生命 令和元年度版,非更新型定期保険,非更新定型期保険 令和元年度版
454,1573441822-10076,アフラック生命 令和元年度版,健康還付金付医療保険〔無解約払戻金〕,アフラックの健康応援医療保険 令和元年度版
455,1573440832-9638,メディケア生命 令和元年度版,医療終身保険（無解約返戻金型）,メディフィットA 令和元年度版
456,1573440824-9635,みどり生命 令和元年度版,無選択型終身保険（低解約払戻金型）,みどりの終身１００Ⅱ／みどりの終身６５Ⅱ 令和元年度版
457,1573441742-10041,ジブラルタ生命 令和元年度版,通貨指定型個人年金保険[米国ドル建・ユーロ建・豪ドル建・円建]（無配当）,通貨指定型個人年金保険 令和元年度版
458,1573441188-9795,マニュライフ生命 令和元年度版,無配当保険料払込期間中無解約返戻金型終身ガン診断保険,こだわりガン保険 令和元年度版
459,1573441064-9741,明治安田生命 令和元年度版,５年ごと利差配当付個人年金保険（2011）,年金かけはし 令和元年度版
460,1573441382-9879,東京海上日動あんしん生命 令和元年度版,医療保険（引受基準緩和・無解約返戻金型）,メディカルKitラヴ［無配当］ 令和元年度版
461,1573440799-9624,メットライフ生命 令和元年度版,新終身医療保険,新終身医療保険 Flexi S（フレキシィ エス） 令和元年度版
462,1573441690-10017,住友生命 令和元年度版,5年ごと利差配当付医療定期保険・5年ごと利差配当付医療終身保険／健康増進乗率適用特約,ドクターＧＯ Vitality 令和元年度版
463,1573441006-9716,ＪＡ共済 令和元年度版,一時払介護共済,一時払介護共済 令和元年度版
464,1573440797-9623,メットライフ生命 令和元年度版,生存還付給付金付終身医療保険Ⅰ型,生存還付給付金付終身医療保険 令和元年度版
465,1573441427-9899,太陽生命 令和元年度版,無配当こども保険（17）,わくわくポッケ 令和元年度版
466,1573441719-10030,住友生命 令和元年度版,最低保証利率付3年ごと利率変動型積立保険／生活障害収入保障特約（5回保証逓減型）,ライブワン 未来デザイン１UP 令和元年度版
467,1573441614-9982,ソニー生命 令和元年度版,変額個人年金保険（無配当）,変額個人年金保険（無配当） 令和元年度版
468,1573441622-9986,ソニー生命 令和元年度版,がん入院保険（無配当）,がん入院保険（無配当） 令和元年度版
469,1573441832-10080,アフラック生命 令和元年度版,こども保険[2009],アフラックの夢みるこどもの学資保険 令和元年度版
470,1573440886-9661,楽天生命 令和元年度版,災害保障保険,災害保障保険 令和元年度版
471,1573440822-9634,みどり生命 令和元年度版,無選択型終身保険（低解約払戻金型）,みどりの終身メモリアルⅡ 令和元年度版
472,1573441500-9932,第一フロンティア生命 令和元年度版,定期支払金付積立利率変動型終身保険（通貨指定型）,安心一生涯 令和元年度版
473,1573441753-10045,ジブラルタ生命 令和元年度版,養老保険（無配当）,養老保険 令和元年度版
474,1573441853-10090,朝日生命 令和元年度版,５年ごと利差配当付軽度介護終身保険（低解約返戻金型）,軽度介護終身保険(低解約返戻金型) 令和元年度版
475,1573441494-9929,第一フロンティア生命 令和元年度版,積立利率変動型終身保険（17）（通貨指定型）,新プレミアギフトＭ 令和元年度版
476,1573441549-9954,第一生命 令和元年度版,認知症保険（無解約返還金）（2019）,ジャスト 認知症保険 令和元年度版
477,1573441004-9715,ＪＡ共済 令和元年度版,介護共済,介護共済 令和元年度版
478,1573441236-9816,プルデンシャル生命 令和元年度版,養老保険,養老保険 令和元年度版
479,1573440929-9681,三井住友海上プライマリー生命 令和元年度版,通貨選択生存保障重視型個人年金保険,あしたの、よろこび 令和元年度版
480,1573440815-9631,メットライフ生命 令和元年度版,終身保険（引受基準緩和型）・災害死亡給付特約（引受基準緩和型）,終身保険（引受基準緩和型） 令和元年度版
481,1573441580-9968,損保ジャパン日本興亜ひまわり生命 令和元年度版,無解約返戻金型収入保障保険,リンククロス じぶんと家族のお守り 令和元年度版
482,1573441469-9917,第一フロンティア生命 令和元年度版,積立利率変動型定額部分付変額終身保険（通貨指定型）,プレミアセレクトＭ２・終身（外貨建） 令和元年度版
483,1573441307-9846,日本生命 令和元年度版,年金保険（有配当2012）,ニッセイみらいのカタチ（年金保険） 令和元年度版
484,1573441134-9772,三井住友海上あいおい生命 令和元年度版,無解約返戻金型逓減定期保険,＆ＬＩＦＥ 逓減定期保険 令和元年度版
485,1573441809-10070,オリックス生命 令和元年度版,無配当 引受基準緩和型終身保険（低解約払戻金型）（2015）,終身保険 新RISE Support［ライズ・サポート］ 令和元年度版
486,1573441884-10104,朝日生命 令和元年度版,無配当７大疾病保険(返戻金なし型)Ｓ,スマイルセブンSuper 令和元年度版
487,1573441670-10008,ソニー生命 令和元年度版,特殊養老保険（無配当）,特殊養老保険（無配当） 令和元年度版
488,1573441294-9841,富国生命 令和元年度版,5年ごと配当付学資保険,みらいのつばさ 令和元年度版
489,1573441066-9742,明治安田生命 令和元年度版,５年ごと利差配当付個人年金保険（2011）,虹色きっぷ／かんたん未来計画 令和元年度版
490,1573441147-9777,大樹生命 令和元年度版,無配当保障セレクト保険,大樹セレクト メディカルＶ 令和元年度版
491,1573440813-9630,メットライフ生命 令和元年度版,積立利率変動型養老保険（貯蓄重視型 米国通貨建）,ドル建ＩＳ養老保険 令和元年度版
492,1573441087-9751,明治安田生命 令和元年度版,5年ごと利差配当付一時払特別養老保険（指定通貨建）,米ドル建・一時払養老保険 令和元年度版
493,1573441413-9892,チューリッヒ生命 令和元年度版,無解約払戻金型終身医療保険（Z02）,終身医療保険プレミアムDX（ディーエックス） 令和元年度版
494,1573441890-10107,朝日生命 令和元年度版,5年ごと利差配当付普通定期保険,プレステージ 令和元年度版
495,1573440818-9632,みどり生命 令和元年度版,無選択型生存保険金付定期保険,はなみずきⅡ 令和元年度版
496,1573441074-9746,明治安田生命 令和元年度版,5年ごと配当付終身医療保険（解約返戻金抑制型）,50歳からの終身医療保険 令和元年度版
497,1573441479-9922,第一フロンティア生命 令和元年度版,積立利率変動型定額部分付変額終身保険（15）,ダブル・フロンティア終身（円建） 令和元年度版
498,1573441715-10028,住友生命 令和元年度版,低解約返戻金型無配当特別終身保険,ふるはーとＦ 令和元年度版
499,1573441423-9897,太陽生命 令和元年度版,無配当無選択型医療保険（無解約払戻金型）（13）,太陽生命のやさしい保険 令和元年度版
500,1573441407-9890,チューリッヒ生命 令和元年度版,無解約払戻金型終身ガン治療保険（抗がん剤等保障）（Ｚ０２）,終身ガン治療保険プレミアムDX（ディーエックス） 令和元年度版
501,1573441543-9952,第一生命 令和元年度版,女性特定治療保険（無解約返還金）（2018）,ジャスト レディエールモア 令和元年度版
502,1573441136-9773,三井住友海上あいおい生命 令和元年度版,5年ごと利差配当付養老保険／養老保険,養老保険 令和元年度版
503,1573441531-9946,第一生命 令和元年度版,生存保障重視型個人年金保険（2018）,とんちん年金『ながいき物語』 令和元年度版
504,1573441601-9977,損保ジャパン日本興亜ひまわり生命 令和元年度版,無配当低解約返戻金型終身保険,一生のお守り 令和元年度版
505,1573441272-9832,フコクしんらい生命 令和元年度版,低解約返戻金型収入保障保険,守ってあげたいＦＳ 令和元年度版
506,1573441351-9866,日本生命 令和元年度版,生存給付金付定期保険（有配当2012）,ニッセイみらいのカタチ（生存給付金付定期保険） 令和元年度版
507,1573440865-9652,アクサダイレクト生命 令和元年度版,がん保険（終身型）,アクサダイレクトのがん終身 令和元年度版
508,1573440917-9675,三井住友海上プライマリー生命 令和元年度版,通貨選択一般勘定移行型変額終身保険,ラップギフト 令和元年度版
509,1573441274-9833,フコクしんらい生命 令和元年度版,3年ごと利差配当付災害死亡給付金付個人年金保険,３年ごと利差配当付災害死亡給付金付個人年金保険 令和元年度版
510,1573441643-9995,ソニー生命 令和元年度版,生前給付定期保険（生活保障型／無配当）,生前給付定期保険（生活保障型／無配当） 令和元年度版
511,1573441433-9901,大同生命 令和元年度版,無配当介護収入保障保険（無解約払戻金型）,収入リリーフ 令和元年度版
512,1573441197-9799,マニュライフ生命 令和元年度版,無配当終身保険II型（低解約返戻金特則付）,こだわり終身保険 v２（低解約返戻金型） 令和元年度版
513,1573441948-10133,アクサ生命 令和元年度版,低払いもどし金型定期保険,ＬＴＴＰ ＦａｉｒＷｉｎｄ（エルティーティーピーフェアウインド） 令和元年度版
514,1573441467-9916,第一フロンティア生命 令和元年度版,積立利率変動型定額部分付変額終身保険（15）,安心２階建てＲ・終身（円建） 令和元年度版
515,1573440882-9659,楽天生命 令和元年度版,終身がん治療保険（払戻金なし）,楽天生命スーパーがん保険 令和元年度版
516,1573441340-9861,日本生命 令和元年度版,逓増定期保険（有配当2012）,ニッセイ逓増定期保険 令和元年度版
517,1573441725-10033,住友生命 令和元年度版,最低保証利率付3年ごと利率変動型積立保険／収入保障特約（18）（固定型）,ライブワン スクエアライン 令和元年度版
518,1573441072-9745,明治安田生命 令和元年度版,５年ごと利差配当付限定告知型医療保険,かんたん告知医療保険 令和元年度版
